Index,FirstName,LastName,DOB,Gender,PhoneNumber,AadhaarNumber,Address
0,Tommy,Franks,26-01-1989,M,9855544513,990818051631,"State Bank of India-Tis Hazari Court, Lala Hardev Sahai Marg, Civil Lines, New Delhi, North, Delhi, 110054, IND"
1,Halle,Berry,13-07-1997,F,9155568538,993813166289,"District Court Tis Hazari Gate No 4, Khanna Market Road, Civil Lines, New Delhi, North, Delhi, 110054, IND"
2,Saurav,Ganguly,13-08-2012,M,8555005776,989756849639,"Tis Hazari Metro Station, Lala Hardev Sahai Marg, Civil Lines, New Delhi, North, Delhi, 110054, IND"
3,Derek,Jeter,13-08-2012,M,7555860946,992104337296,"Cafe Buddy's, Lala Hardev Sahai Marg, Civil Lines, New Delhi, North, Delhi, 110054, IND"
4,Pedro,Malan,29-11-1991,M,7555436894,997056779137,"Tis Hazari Metro Station Gate No 2, Lala Hardev Sahai Marg, Civil Lines, New Delhi, North, Delhi, 110054, IND"
5,Hitomi,Soga,20-11-1990,F,9755536429,994008797686,"Tis Hazari Metro Station, Lala Hardev Sahai Marg, Civil Lines, New Delhi, North, Delhi, 110054, IND"
6,Geoff,Hoon,28-05-1988,M,7555356145,992507537373,"Tis Hazari Metro Station Gate No 1, Lala Hardev Sahai Marg, Civil Lines, New Delhi, North, Delhi, 110054, IND"
7,Sophia,Loren,26-01-1995,F,7555524829,993544070017,"St Stephen's Hospital-ER, St Stephen's Hospital Road, Civil Lines, New Delhi, North, Delhi, 110054, IND"
8,Li,Zhaoxing,24-06-1999,M,8555304167,996784834265,"St Stephen's Hospital, St Stephen's Hospital Road, Civil Lines, New Delhi, North, Delhi, 110054, IND"
9,Sheila,Copps,05-05-1985,F,7555225465,994004756782,"St Mark's Cathedral, Shivajinagar, Bengaluru, Karnataka, 560001, IND"
10,Amer,al-Saadi,24-08-1991,M,9655530151,995164764058,"Gallery Blue Spade, Ashoka Nagar, Bengaluru, Karnataka, 560001, IND"
11,Richard,Armitage,14-04-1997,M,8555087956,997298705384,"Mahatma Gandhi Park-Gate 1, Shivajinagar, Bengaluru, Karnataka, 560001, IND"
12,Zinedine,Zidane,20-01-1990,M,8555283106,993423541415,"Resorts in Bangalore, Mahathma Gandhi Road, Shivajinagar, Bengaluru, Karnataka, 560001, IND"
13,Martha,Stewart,21-09-1996,F,9855558285,992435586615,"Hotel Jobs at Bangalore, Mahathma Gandhi Road, Shivajinagar, Bengaluru, Karnataka, 560001, IND"
14,Katherine,Harris,15-11-1965,F,8555806961,996151513452,"ST. Mark's Cathedral, Shivajinagar, Bengaluru, Karnataka, 560001, IND"
15,Monica,Seles,29-03-1992,F,9455545659,992747090827,"Mahatma Gandhi Statue, NH-44, Shivajinagar, Bengaluru, Karnataka, 560001, IND"
16,Mohammad,Khatami,14-11-1999,M,7555706048,995208095638,"Victoria, Cubbon Park Road, Sampangi Rama Nagar, Bengaluru, Karnataka, 560001, IND"
17,Carmen,Electra,21-11-1995,F,9055520875,995272779841,"St Mark's Cathedral, Mahathma Gandhi Road, Shivajinagar, Bengaluru, Karnataka, 560001, IND"
18,Ana,Palacio,18-11-1998,F,7555998300,987781528800,"Kotak Mahindra Bank-Sri M L Subbaraju Road, Lavelle Road, Shivajinagar, Bengaluru, Karnataka, 560001, IND"
19,Keanu,Reeves,24-04-1986,M,8555171876,988569832178,"Shree Govindam Optical and Departmental, Station Road, Chandpole, Jaipur, Rajasthan, 302001, IND"
20,Alvaro,Uribe,09-11-1996,M,8555619183,989185200740,"Khandelwal Computers, Station Road, Chandpole, Jaipur, Rajasthan, 302001, IND"
21,Carlos,Moya,09-12-1996,M,7555031278,993063086259,"Jai Govind General Store, Station Road, Chandpole, Jaipur, Rajasthan, 302001, IND"
22,Gerhard,Schroeder,09-03-1996,M,7085619682,661119915959,"No. 3, Ground Floor, Part 1 Market,Greater Kailash I, Greater Kailash, Delhi - 110048"
23,Luis,Figo,09-01-1996,M,8065482991,459115941591,"5/A Gulab Estate, Safed Pool, Sakinaka, T2 Link Road, Andheri Kurla Road, Mumbai, Maharashtra, 400072"
24,Art,Howe,10-05-1996,M,9485239053,554412548648,"No. 51/11, 7th Avenue, Soundariya Colony, Anna Nagar West (Extension), Chennai. 600101"
25,Julianne,Moore,02-14-1997,F,9412244447,856421589425,"3, Udai Bilas Palace, Dungarpur, (Rajasthan) 314001"
26,Goldie,Hawn,03-03-1965,F,9869234131,221836125874,"Ram Partap Street, Samrala Road, Khanna, District Ludhiana (Punjab). 141401"
27,Steffi,Graf,08-06-1999,F,9400307786,731464579451,"14, Teen Murti Lane, New Delhi. 110021"
28,Ciro,Gomez,18-09-1996,M,9412201084,164257913461,"44, Lodhi Estate, New Delhi"
29,Vanessa,Incontrada,04-12-1998,F,9490165666,731549621548,"C-202, Swarna Jayanti Sadan, Dr. B.D. Marg, New Delhi"
30,Ari,Fleischer,19-12-1986,M,9868181366,794512349164,"49, Lodhi Estate, New Delhi 110003"
31,Wolfgang,Schuessel,04-05-1998,M,9435048279,794512625194,"602, Swarna Jayanti Sadan Deluxe, Dr. B.D. Marg, New Delhi 110001"
32,Igor,Ivanov,07-08-1995,M,7382222666,316581942516,"Flat No. 504, Brahmaputra Apartments, Dr. B.D. Marg, New Delhi"
33,Dennis,Hastert,28-08-1994,M,9899694883,612459461253,"No. 10, Duplex Flat, North Avenue, New Delhi 110001"
34,Tom,Hanks,18-06-1997,M,9650746617,854691342167,"C-504,Swarna Jayanti Sadan, Dr. B.D. Marg, New Delhi"
35,Vince,Carter,14-04-1998,M,9013181276,794516854261,"B-103, M.S. Flats, B.K.S. Marg, New Delhi"
36,John,Edwards,17-07-1999,M,9878870206,451624316824,"171, North Avenue, New Delhi 110001"
37,Angela,Bassett,14-11-1987,F,9415017429,285612963492,"Bungalow No. 20, Gurudwara Rakab Ganj Road, New Delhi 110001"
38,Jesse,Jackson,18-08-1985,M,9435047823,248164512395,"Flat No. 302, Brahmaputra Apartments Dr. B. D. Marg, New Delhi- 110001."
39,Robert,Mueller,24-05-1998,M,9868180877,456134854261,"AB-97, Shahjahan Road, New Delhi 110001"
40,Mark,Hulbert,18-08-1994,M,9004809627,754619423164,"2, Jantar Mantar Road, New Delhi 110011"
41,Chanda,Rubin,15-12-1986,F,9455000088,945816342105,"28, Lodhi Estate, New Delhi - 110003"
42,Franz,Muentefering,05-05-1994,M,9868181181,459164370450,"2, Lodhi Estate, New Delhi 110003"
43,Norm,Coleman,07-05-1988,M,9847020911,125495532115,"Bunglow No.9, Teen Murti Lane, New Delhi 110011"
44,Paul,Martin,02-05-1999,M,9868181280,915814751457,"C-1/6, Pandara Park, New Delhi 110003"
45,George,Pataki,01-01-1995,M,9013181530,521458615525,"4, Ferozeshah Road, New Delhi"
46,Heidi,Klum,01-05-1994,F,9013181356,118848748237,"402 - Swarna Jayanti Sadan Deluxe, Dr. B.D. Marg, New Delhi 110001"
47,Hemant,Vashist,28-11-1999,M,9876543210,111122223333,"A-13, Jayabheri Orange Towers, Jairaj, Rd Number 2, Nanakramguda, Hyderabad, Telangana 500032"
48,Dipanshu,Kumar,15-11-1994,M,7011954299,291813884577,"A-800, Mayur Vihar, Delhi-110096"
49,Aniket,Tomar,21-05-1996,M,9971259856,291813884545,B-712 sangam vihar new delhi 110080